artisan bistro’s ginger chicken,chicken breast,water,potato starch,sea salt,brown rice,green beans,water,sugar snap peas,edamame,carrots,japonica rice,extra virgin olive oil,orange juice concentrate,green onions,wheat free tamari sauce,water,soybeans,salt,alcohol,almonds,agave syrup,rice flour,ginger puree,sea salt,sesame oil,xanthan gum,garlic granulated,green tea powder,crushed red pepper,ginger ground,orange oil,black pepper
amy’s organics low sodium black bean enchiladas,filtered water,organic corn tortillas,organic tomato puree,organic zucchini,organic tofu,organic black beans,organic yellow corn,organic onions,safflower,sunflower oil,organic sweet rice flour,organic bell peppers,spices,organic tapioca starch,olives,organic garlic,sea salt,organic green chiles,chives
kashi mayan harvest bake,amaranth polenta,water,amaranth,milled corn,salt,ancho chili,onion puree,cane juice crystals,spices,cilantro,garlic,sesame seeds,paprika,plantains,soybean oil,water,black beans,water,roasted sweet potato,whole grains,sesame pilaf,water,pilaf,oats,brown rice,rye,hard red wheat,triticale,buckwheat,barley,sesame seeds,tomatoes,ground tomatoes,tomato puree,salt,kale,ancho chili,pepper paste,water,ancho chili,onion puree,cane juice crystals,spices,cilantro,garlic,sesame seed,sea salt,paprika),roasted and salted pepitas,pumpkin seed kernels,sunflower oil,salt,evaporated cane juice crystals,expeller pressed canola oil,rice starch,garlic,evaporated salt,soy flour
applegate organics turkey burgers,organic Turkey,organic rosemary extract
healthy choice honey balsamic chicken,potatoes red,chicken tenderloins,water,olive oil,soy protein isolate,food starch modified,starch,carrageenan,soy lecithin,dextrose,salt,potassium chloride,paprika,caramel color,flavoring,asparagus,water,tomatoes cherry,honey,vinegar balsamic,corn starch,olive oil extra virgin,garlic,salt sea,spices
garden lite southwestern soufflé,pasteurized egg whites,onion,crushed tomatoes,salt,citric acid,broccoli,zucchini,black beans,water,salt,corn,brown rice,water,red pepper,green pepper,corn starch,evaporated cane juice,canola oil,lemon juice,sea salt,garlic,chipotle pepper,chili powder,ancho pepper,cumin
amy’s roasted vegetable pizza,organic unbleached wheat flour,organic wheat germ,organic wheat bran,organic onions,filtered water,artichokes,extra virgin olive oil,organic roasted red bell peppers,organic shiitake mushrooms,organic agave nectar,balsamic vinegar,sea salt,organic tomato puree,expeller pressed high oleic safflower and/or sunflower oil,pure organic cane sugar,organic garlic,organic lemon juice,yeast,spices,black pepper
lyfe kitchen whole grain pilaf,cooked long grain brown rice,water,long grain brown rice,turmeric,water,kale,red bell pepper,cooked quinoa,apples,eggplant,salt,citric acid,zucchini squash,artichokes,salt,citric acid,raisins,onions,extra virgin olive oil,almonds,capers,vinegar,salt,dehydrated bell pepper,dehydrated onion,dried cane syrup,garlic,garlic powder,honey,jalapeno peppers,vinegar,salt,natural flavors,lemon juice concentrate,olives,water,red wine vinegar,salt,extra virgin olive oil,oregano,parsley,potato starch,red wheat berries,sea salt,natural flavor,potassium chloride,yeast,yeast extract,salt,spices,tomatoes,tomato juice,salt,calcium chloride,citric acid,tomatoes,vegetable oil,garlic,spices,salt
lifestyle chefs channa masala meal-in-a-bun,chicken peas,onions,tomatoes,garlic,whole wheat flax bun,salt,flaxseeds,ginger,garlic,mango,agave syrup
amy’s spinach feta in a pocket sandwich,organic spinach,organic unbleached wheat and whole wheat flour,organic lowfat milk,feta cheese,pasteurized milk,culture,salt,calcium chloride,enzymes,organic onions,organic tofu
